{
  "project_info": {
    "project_number": "120341249374",
    "firebase_url": "https://tesla-nasa.firebaseio.com",
    "project_id": "tesla-nasa",
    "storage_bucket": "tesla-nasa.appspot.com"
  },
  "client": [
    {
      "client_info": {
        "mobilesdk_app_id": "1:120341249374:android:3fa04557992782faaea3cf",
        "android_client_info": {
          "package_name": "com.example.talipzhan.tesla"
        }
      },
      "oauth_client": [
        {
          "client_id": "120341249374-4mg62dptedcna7p01rv7rgu2m6i7e6c6.apps.googleusercontent.com",
          "client_type": 1,
          "android_info": {
            "package_name": "com.example.talipzhan.tesla",
            "certificate_hash": "a638ff63dcacafede3789760a8f0d058c72978d8"
          }
        },
        {
          "client_id": "120341249374-ml3nifevlnk84smln2bd2rh15cfbv789.apps.googleusercontent.com",
          "client_type": 3
        }
      ],
      "api_key": [
        {
          "current_key": "AIzaSyC0Li5BwlmcpDetHdlR6QI8OEnSCAypZNg"
        }
      ],
      "services": {
        "appinvite_service": {
          "other_platform_oauth_client": [
            {
              "client_id": "120341249374-ml3nifevlnk84smln2bd2rh15cfbv789.apps.googleusercontent.com",
              "client_type": 3
            }
          ]
        }
      }
    },
    {
      "client_info": {
        "mobilesdk_app_id": "1:120341249374:android:f526bb1c6a2e6746aea3cf",
        "android_client_info": {
          "package_name": "com.example.talipzhan.trackfire"
        }
      },
      "oauth_client": [
        {
          "client_id": "120341249374-ffo1kjdprs158rdufr32ic5aal663o6o.apps.googleusercontent.com",
          "client_type": 1,
          "android_info": {
            "package_name": "com.example.talipzhan.trackfire",
            "certificate_hash": "a638ff63dcacafede3789760a8f0d058c72978d8"
          }
        },
        {
          "client_id": "120341249374-ml3nifevlnk84smln2bd2rh15cfbv789.apps.googleusercontent.com",
          "client_type": 3
        }
      ],
      "api_key": [
        {
          "current_key": "AIzaSyC0Li5BwlmcpDetHdlR6QI8OEnSCAypZNg"
        }
      ],
      "services": {
        "appinvite_service": {
          "other_platform_oauth_client": [
            {
              "client_id": "120341249374-ml3nifevlnk84smln2bd2rh15cfbv789.apps.googleusercontent.com",
              "client_type": 3
            }
          ]
        }
      }
    }
  ],
  "configuration_version": "1"
}